{
	"BUILD_DIR" : "C:/Users/User/Desktop/Facultate/Semestrul 2/Object Oriented Programming/Software Application/cmake-build-debug/Software_Application_autogen",
	"CMAKE_BINARY_DIR" : "C:/Users/User/Desktop/Facultate/Semestrul 2/Object Oriented Programming/Software Application/cmake-build-debug",
	"CMAKE_CURRENT_BINARY_DIR" : "C:/Users/User/Desktop/Facultate/Semestrul 2/Object Oriented Programming/Software Application/cmake-build-debug",
	"CMAKE_CURRENT_SOURCE_DIR" : "C:/Users/User/Desktop/Facultate/Semestrul 2/Object Oriented Programming/Software Application",
	"CMAKE_EXECUTABLE" : "C:/Program Files/JetBrains/CLion 2020.3.2/bin/cmake/win/bin/cmake.exe",
	"CMAKE_LIST_FILES" : 
	[
		"C:/Users/User/Desktop/Facultate/Semestrul 2/Object Oriented Programming/Software Application/CMakeLists.txt",
		"C:/Users/User/Desktop/Facultate/Semestrul 2/Object Oriented Programming/Software Application/cmake-build-debug/CMakeFiles/3.19.2/CMakeSystem.cmake",
		"C:/Program Files/JetBrains/CLion 2020.3.2/bin/cmake/win/share/cmake-3.19/Modules/CMakeSystemSpecificInitialize.cmake",
		"C:/Users/User/Desktop/Facultate/Semestrul 2/Object Oriented Programming/Software Application/cmake-build-debug/CMakeFiles/3.19.2/CMakeCCompiler.cmake",
		"C:/Users/User/Desktop/Facultate/Semestrul 2/Object Oriented Programming/Software Application/cmake-build-debug/CMakeFiles/3.19.2/CMakeCXXCompiler.cmake",
		"C:/Program Files/JetBrains/CLion 2020.3.2/bin/cmake/win/share/cmake-3.19/Modules/CMakeSystemSpecificInformation.cmake",
		"C:/Program Files/JetBrains/CLion 2020.3.2/bin/cmake/win/share/cmake-3.19/Modules/CMakeGenericSystem.cmake",
		"C:/Program Files/JetBrains/CLion 2020.3.2/bin/cmake/win/share/cmake-3.19/Modules/CMakeInitializeConfigs.cmake",
		"C:/Program Files/JetBrains/CLion 2020.3.2/bin/cmake/win/share/cmake-3.19/Modules/Platform/Windows.cmake",
		"C:/Program Files/JetBrains/CLion 2020.3.2/bin/cmake/win/share/cmake-3.19/Modules/Platform/WindowsPaths.cmake",
		"C:/Program Files/JetBrains/CLion 2020.3.2/bin/cmake/win/share/cmake-3.19/Modules/CMakeFindCodeBlocks.cmake",
		"C:/Program Files/JetBrains/CLion 2020.3.2/bin/cmake/win/share/cmake-3.19/Modules/CMakeExtraGeneratorDetermineCompilerMacrosAndIncludeDirs.cmake",
		"C:/Program Files/JetBrains/CLion 2020.3.2/bin/cmake/win/share/cmake-3.19/Modules/ProcessorCount.cmake",
		"C:/Program Files/JetBrains/CLion 2020.3.2/bin/cmake/win/share/cmake-3.19/Modules/CMakeCInformation.cmake",
		"C:/Program Files/JetBrains/CLion 2020.3.2/bin/cmake/win/share/cmake-3.19/Modules/CMakeLanguageInformation.cmake",
		"C:/Program Files/JetBrains/CLion 2020.3.2/bin/cmake/win/share/cmake-3.19/Modules/Compiler/GNU-C.cmake",
		"C:/Program Files/JetBrains/CLion 2020.3.2/bin/cmake/win/share/cmake-3.19/Modules/Compiler/GNU.cmake",
		"C:/Program Files/JetBrains/CLion 2020.3.2/bin/cmake/win/share/cmake-3.19/Modules/Compiler/CMakeCommonCompilerMacros.cmake",
		"C:/Program Files/JetBrains/CLion 2020.3.2/bin/cmake/win/share/cmake-3.19/Modules/Platform/Windows-GNU-C.cmake",
		"C:/Program Files/JetBrains/CLion 2020.3.2/bin/cmake/win/share/cmake-3.19/Modules/Platform/Windows-GNU.cmake",
		"C:/Users/User/Desktop/Facultate/Semestrul 2/Object Oriented Programming/Software Application/cmake-build-debug/CMakeFiles/3.19.2/CMakeRCCompiler.cmake",
		"C:/Program Files/JetBrains/CLion 2020.3.2/bin/cmake/win/share/cmake-3.19/Modules/CMakeRCInformation.cmake",
		"C:/Program Files/JetBrains/CLion 2020.3.2/bin/cmake/win/share/cmake-3.19/Modules/Platform/Windows-windres.cmake",
		"C:/Program Files/JetBrains/CLion 2020.3.2/bin/cmake/win/share/cmake-3.19/Modules/Platform/Windows-GNU-C-ABI.cmake",
		"C:/Program Files/JetBrains/CLion 2020.3.2/bin/cmake/win/share/cmake-3.19/Modules/CMakeCommonLanguageInclude.cmake",
		"C:/Program Files/JetBrains/CLion 2020.3.2/bin/cmake/win/share/cmake-3.19/Modules/CMakeCXXInformation.cmake",
		"C:/Program Files/JetBrains/CLion 2020.3.2/bin/cmake/win/share/cmake-3.19/Modules/CMakeLanguageInformation.cmake",
		"C:/Program Files/JetBrains/CLion 2020.3.2/bin/cmake/win/share/cmake-3.19/Modules/Compiler/GNU-CXX.cmake",
		"C:/Program Files/JetBrains/CLion 2020.3.2/bin/cmake/win/share/cmake-3.19/Modules/Compiler/GNU.cmake",
		"C:/Program Files/JetBrains/CLion 2020.3.2/bin/cmake/win/share/cmake-3.19/Modules/Platform/Windows-GNU-CXX.cmake",
		"C:/Program Files/JetBrains/CLion 2020.3.2/bin/cmake/win/share/cmake-3.19/Modules/Platform/Windows-GNU.cmake",
		"C:/Program Files/JetBrains/CLion 2020.3.2/bin/cmake/win/share/cmake-3.19/Modules/Platform/Windows-GNU-CXX-ABI.cmake",
		"C:/Program Files/JetBrains/CLion 2020.3.2/bin/cmake/win/share/cmake-3.19/Modules/CMakeCommonLanguageInclude.cmake",
		"C:/Users/User/Desktop/Setup/QT/5.15.2/mingw81_64/lib/cmake/Qt5/Qt5ConfigVersion.cmake",
		"C:/Users/User/Desktop/Setup/QT/5.15.2/mingw81_64/lib/cmake/Qt5/Qt5Config.cmake",
		"C:/Users/User/Desktop/Setup/QT/5.15.2/mingw81_64/lib/cmake/Qt5/Qt5ModuleLocation.cmake",
		"C:/Users/User/Desktop/Setup/QT/5.15.2/mingw81_64/lib/cmake/Qt5Core/Qt5CoreConfigVersion.cmake",
		"C:/Users/User/Desktop/Setup/QT/5.15.2/mingw81_64/lib/cmake/Qt5Core/Qt5CoreConfig.cmake",
		"C:/Users/User/Desktop/Setup/QT/5.15.2/mingw81_64/lib/cmake/Qt5Core/Qt5CoreConfigExtras.cmake",
		"C:/Users/User/Desktop/Setup/QT/5.15.2/mingw81_64/lib/cmake/Qt5Core/Qt5CoreConfigExtrasMkspecDir.cmake",
		"C:/Users/User/Desktop/Setup/QT/5.15.2/mingw81_64/lib/cmake/Qt5Core/Qt5CoreMacros.cmake",
		"C:/Program Files/JetBrains/CLion 2020.3.2/bin/cmake/win/share/cmake-3.19/Modules/CMakeParseArguments.cmake",
		"C:/Users/User/Desktop/Setup/QT/5.15.2/mingw81_64/lib/cmake/Qt5Gui/Qt5GuiConfigVersion.cmake",
		"C:/Users/User/Desktop/Setup/QT/5.15.2/mingw81_64/lib/cmake/Qt5Gui/Qt5GuiConfig.cmake",
		"C:/Users/User/Desktop/Setup/QT/5.15.2/mingw81_64/lib/cmake/Qt5Gui/Qt5Gui_QGifPlugin.cmake",
		"C:/Users/User/Desktop/Setup/QT/5.15.2/mingw81_64/lib/cmake/Qt5Gui/Qt5Gui_QICNSPlugin.cmake",
		"C:/Users/User/Desktop/Setup/QT/5.15.2/mingw81_64/lib/cmake/Qt5Gui/Qt5Gui_QICOPlugin.cmake",
		"C:/Users/User/Desktop/Setup/QT/5.15.2/mingw81_64/lib/cmake/Qt5Gui/Qt5Gui_QJpegPlugin.cmake",
		"C:/Users/User/Desktop/Setup/QT/5.15.2/mingw81_64/lib/cmake/Qt5Gui/Qt5Gui_QMinimalIntegrationPlugin.cmake",
		"C:/Users/User/Desktop/Setup/QT/5.15.2/mingw81_64/lib/cmake/Qt5Gui/Qt5Gui_QOffscreenIntegrationPlugin.cmake",
		"C:/Users/User/Desktop/Setup/QT/5.15.2/mingw81_64/lib/cmake/Qt5Gui/Qt5Gui_QSvgIconPlugin.cmake",
		"C:/Users/User/Desktop/Setup/QT/5.15.2/mingw81_64/lib/cmake/Qt5Gui/Qt5Gui_QSvgPlugin.cmake",
		"C:/Users/User/Desktop/Setup/QT/5.15.2/mingw81_64/lib/cmake/Qt5Gui/Qt5Gui_QTgaPlugin.cmake",
		"C:/Users/User/Desktop/Setup/QT/5.15.2/mingw81_64/lib/cmake/Qt5Gui/Qt5Gui_QTiffPlugin.cmake",
		"C:/Users/User/Desktop/Setup/QT/5.15.2/mingw81_64/lib/cmake/Qt5Gui/Qt5Gui_QTuioTouchPlugin.cmake",
		"C:/Users/User/Desktop/Setup/QT/5.15.2/mingw81_64/lib/cmake/Qt5Gui/Qt5Gui_QWbmpPlugin.cmake",
		"C:/Users/User/Desktop/Setup/QT/5.15.2/mingw81_64/lib/cmake/Qt5Gui/Qt5Gui_QWebpPlugin.cmake",
		"C:/Users/User/Desktop/Setup/QT/5.15.2/mingw81_64/lib/cmake/Qt5Gui/Qt5Gui_QWindowsDirect2DIntegrationPlugin.cmake",
		"C:/Users/User/Desktop/Setup/QT/5.15.2/mingw81_64/lib/cmake/Qt5Gui/Qt5Gui_QWindowsIntegrationPlugin.cmake",
		"C:/Users/User/Desktop/Setup/QT/5.15.2/mingw81_64/lib/cmake/Qt5Gui/Qt5Gui_QXdgDesktopPortalThemePlugin.cmake",
		"C:/Users/User/Desktop/Setup/QT/5.15.2/mingw81_64/lib/cmake/Qt5Gui/Qt5GuiConfigExtras.cmake",
		"C:/Users/User/Desktop/Setup/QT/5.15.2/mingw81_64/lib/cmake/Qt5Widgets/Qt5WidgetsConfigVersion.cmake",
		"C:/Users/User/Desktop/Setup/QT/5.15.2/mingw81_64/lib/cmake/Qt5Widgets/Qt5WidgetsConfig.cmake",
		"C:/Users/User/Desktop/Setup/QT/5.15.2/mingw81_64/lib/cmake/Qt5Widgets/Qt5Widgets_QWindowsVistaStylePlugin.cmake",
		"C:/Users/User/Desktop/Setup/QT/5.15.2/mingw81_64/lib/cmake/Qt5Widgets/Qt5WidgetsConfigExtras.cmake",
		"C:/Users/User/Desktop/Setup/QT/5.15.2/mingw81_64/lib/cmake/Qt5Widgets/Qt5WidgetsMacros.cmake",
		"C:/Program Files/JetBrains/CLion 2020.3.2/bin/cmake/win/share/cmake-3.19/Modules/CMakeParseArguments.cmake"
	],
	"CMAKE_SOURCE_DIR" : "C:/Users/User/Desktop/Facultate/Semestrul 2/Object Oriented Programming/Software Application",
	"DEP_FILE" : "",
	"DEP_FILE_RULE_NAME" : "",
	"HEADERS" : 
	[
		[
			"C:/Users/User/Desktop/Facultate/Semestrul 2/Object Oriented Programming/Software Application/Entities/Issue.h",
			"MU",
			"UA2MPHBM4F/moc_Issue.cpp"
		],
		[
			"C:/Users/User/Desktop/Facultate/Semestrul 2/Object Oriented Programming/Software Application/Entities/User.h",
			"MU",
			"UA2MPHBM4F/moc_User.cpp"
		],
		[
			"C:/Users/User/Desktop/Facultate/Semestrul 2/Object Oriented Programming/Software Application/Observer.h",
			"MU",
			"EWIEGA46WW/moc_Observer.cpp"
		],
		[
			"C:/Users/User/Desktop/Facultate/Semestrul 2/Object Oriented Programming/Software Application/QT/Table_Model.h",
			"MU",
			"H2RNZ2EBQL/moc_Table_Model.cpp"
		],
		[
			"C:/Users/User/Desktop/Facultate/Semestrul 2/Object Oriented Programming/Software Application/QT/User_Window.h",
			"MU",
			"H2RNZ2EBQL/moc_User_Window.cpp"
		],
		[
			"C:/Users/User/Desktop/Facultate/Semestrul 2/Object Oriented Programming/Software Application/Repositories/Repository_Issue.h",
			"MU",
			"7LASNSSLXA/moc_Repository_Issue.cpp"
		],
		[
			"C:/Users/User/Desktop/Facultate/Semestrul 2/Object Oriented Programming/Software Application/Repositories/Repository_User.h",
			"MU",
			"7LASNSSLXA/moc_Repository_User.cpp"
		]
	],
	"HEADER_EXTENSIONS" : [ "h", "hh", "h++", "hm", "hpp", "hxx", "in", "txx" ],
	"INCLUDE_DIR" : "C:/Users/User/Desktop/Facultate/Semestrul 2/Object Oriented Programming/Software Application/cmake-build-debug/Software_Application_autogen/include",
	"MOC_COMPILATION_FILE" : "C:/Users/User/Desktop/Facultate/Semestrul 2/Object Oriented Programming/Software Application/cmake-build-debug/Software_Application_autogen/mocs_compilation.cpp",
	"MOC_DEFINITIONS" : [ "QT_CORE_LIB", "QT_GUI_LIB", "QT_WIDGETS_LIB" ],
	"MOC_DEPEND_FILTERS" : 
	[
		[
			"Q_PLUGIN_METADATA",
			"[\n][ \t]*Q_PLUGIN_METADATA[ \t]*\\([^\\)]*FILE[ \t]*\"([^\"]+)\""
		]
	],
	"MOC_INCLUDES" : 
	[
		"C:/Users/User/Desktop/Facultate/Semestrul 2/Object Oriented Programming/Software Application",
		"C:/Users/User/Desktop/Setup/QT/5.15.2/mingw81_64/include",
		"C:/Users/User/Desktop/Setup/QT/5.15.2/mingw81_64/include/QtCore",
		"C:/Users/User/Desktop/Setup/QT/5.15.2/mingw81_64/mkspecs/win32-g++",
		"C:/Users/User/Desktop/Setup/QT/5.15.2/mingw81_64/include/QtGui",
		"C:/Users/User/Desktop/Setup/QT/5.15.2/mingw81_64/include/QtANGLE",
		"C:/Users/User/Desktop/Setup/QT/5.15.2/mingw81_64/include/QtWidgets",
		"C:/Users/User/Desktop/Setup/QT/Tools/mingw810_64/lib/gcc/x86_64-w64-mingw32/8.1.0/include/c++",
		"C:/Users/User/Desktop/Setup/QT/Tools/mingw810_64/lib/gcc/x86_64-w64-mingw32/8.1.0/include/c++/x86_64-w64-mingw32",
		"C:/Users/User/Desktop/Setup/QT/Tools/mingw810_64/lib/gcc/x86_64-w64-mingw32/8.1.0/include/c++/backward",
		"C:/Users/User/Desktop/Setup/QT/Tools/mingw810_64/lib/gcc/x86_64-w64-mingw32/8.1.0/include",
		"C:/Users/User/Desktop/Setup/QT/Tools/mingw810_64/lib/gcc/x86_64-w64-mingw32/8.1.0/include-fixed",
		"C:/Users/User/Desktop/Setup/QT/Tools/mingw810_64/x86_64-w64-mingw32/include"
	],
	"MOC_MACRO_NAMES" : [ "Q_OBJECT", "Q_GADGET", "Q_NAMESPACE", "Q_NAMESPACE_EXPORT" ],
	"MOC_OPTIONS" : [],
	"MOC_PATH_PREFIX" : false,
	"MOC_PREDEFS_CMD" : 
	[
		"C:/Users/User/Desktop/Setup/QT/Tools/mingw810_64/bin/g++.exe",
		"-dM",
		"-E",
		"-c",
		"C:/Program Files/JetBrains/CLion 2020.3.2/bin/cmake/win/share/cmake-3.19/Modules/CMakeCXXCompilerABI.cpp"
	],
	"MOC_PREDEFS_FILE" : "C:/Users/User/Desktop/Facultate/Semestrul 2/Object Oriented Programming/Software Application/cmake-build-debug/Software_Application_autogen/moc_predefs.h",
	"MOC_RELAXED_MODE" : false,
	"MOC_SKIP" : [],
	"MULTI_CONFIG" : false,
	"PARALLEL" : 4,
	"PARSE_CACHE_FILE" : "C:/Users/User/Desktop/Facultate/Semestrul 2/Object Oriented Programming/Software Application/cmake-build-debug/CMakeFiles/Software_Application_autogen.dir/ParseCache.txt",
	"QT_MOC_EXECUTABLE" : "C:/Users/User/Desktop/Setup/QT/5.15.2/mingw81_64/bin/moc.exe",
	"QT_UIC_EXECUTABLE" : "C:/Users/User/Desktop/Setup/QT/5.15.2/mingw81_64/bin/uic.exe",
	"QT_VERSION_MAJOR" : 5,
	"QT_VERSION_MINOR" : 15,
	"SETTINGS_FILE" : "C:/Users/User/Desktop/Facultate/Semestrul 2/Object Oriented Programming/Software Application/cmake-build-debug/CMakeFiles/Software_Application_autogen.dir/AutogenUsed.txt",
	"SOURCES" : 
	[
		[
			"C:/Users/User/Desktop/Facultate/Semestrul 2/Object Oriented Programming/Software Application/Entities/Issue.cpp",
			"MU"
		],
		[
			"C:/Users/User/Desktop/Facultate/Semestrul 2/Object Oriented Programming/Software Application/Entities/User.cpp",
			"MU"
		],
		[
			"C:/Users/User/Desktop/Facultate/Semestrul 2/Object Oriented Programming/Software Application/QT/Table_Model.cpp",
			"MU"
		],
		[
			"C:/Users/User/Desktop/Facultate/Semestrul 2/Object Oriented Programming/Software Application/QT/User_Window.cpp",
			"MU"
		],
		[
			"C:/Users/User/Desktop/Facultate/Semestrul 2/Object Oriented Programming/Software Application/Repositories/Repository_Issue.cpp",
			"MU"
		],
		[
			"C:/Users/User/Desktop/Facultate/Semestrul 2/Object Oriented Programming/Software Application/Repositories/Repository_User.cpp",
			"MU"
		],
		[
			"C:/Users/User/Desktop/Facultate/Semestrul 2/Object Oriented Programming/Software Application/main.cpp",
			"MU"
		]
	],
	"UIC_OPTIONS" : [],
	"UIC_SEARCH_PATHS" : [],
	"UIC_SKIP" : [],
	"UIC_UI_FILES" : [],
	"VERBOSITY" : 0
}
